vid,ch,link
LIVE: NBC News NOW - Aug. 30,NBC News,https://www.youtube.com/watch?v=txmTkKm2F4g
MS Graph API query parameters are not working,Roel Van de Paar,https://www.youtube.com/watch?v=Fm0H8eZj1Vodbt: sql_header macro limitations vs query-comment,Roel Van de Paar,https://www.youtube.com/watch?v=wMvb7VozELo
What is the best way to drag a transformer by dragging from empty areas in Konvajs?,Roel Van de Paar,https://www.youtube.com/watch?v=ZVV9ufZYO6g
Nightly News Full Broadcast - Aug. 29,,https://www.youtube.com/watch?v=WCsrvc4fPO0
dbt: sql_header macro limitations vs query-comment,dbt: sql_header macro limitations vs query-comment,Roel Van de Paar,https://www.youtube.com/watch?v=wMvb7VozELo
MS Graph API query parameters are not working,Roel Van de Paar,https://www.youtube.com/watch?v=Fm0H8eZj1Vo
dbt: sql_header macro limitations vs query-comment,Roel Van de Paar,https://www.youtube.com/watch?v=wMvb7VozELo
Gary O'Neil on the future of Matheus Nunes,Sky Sports News,https://www.youtube.com/watch?v=Wa1qYOEvKv0
A simple quantity drop down options with price and button link change,,https://www.youtube.com/watch?v=LZdAc3dJ0B0LIVE: White House holds press briefing | NBC News,NBC News,https://www.youtube.com/watch?v=eYuYWjrFSNI
LIVE - Monaco sign Folarin Balogun from Arsenal - The Transfer Show,Sky Sports News,https://www.youtube.com/watch?v=VSBSfxxuMOULIVE: White House holds press briefing | NBC News,NBC News,https://www.youtube.com/watch?v=eYuYWjrFSNI